baseMean	log2FoldChange	lfcSE	stat	pvalue	padj
ENSG00000004776	1447.60201927943	2.29031180881643	0.746605886047579	3.06763160004136	0.00215762433184153	0.043736027479824
ENSG00000008517	1519.34109317882	2.0791741609992	0.59689129004237	3.48333808129721	0.000495202573233083	0.0178763585794269
ENSG00000010932	52.337527914762	4.24526671986369	1.00524632160536	4.22311092179285	2.40953158309681e-05	0.00225738687456412
ENSG00000015413	31.7541178191148	4.27765673347755	1.09527039673045	3.90557139702396	9.40029978555737e-05	0.00621429134404924
ENSG00000017427	1334.8724381337	2.49911250179574	0.724666900020434	3.44863619647216	0.0005634252491088	0.0194302156941681
ENSG00000019549	556.190695801404	2.82342206305378	0.516880056886253	5.46243180683428	4.69655970778807e-08	2.20000275454816e-05
ENSG00000029993	2722.75994024395	4.02856148233234	0.742334914322307	5.426878629318	5.73480960512674e-08	2.48854839049164e-05
ENSG00000051596	258.44636764913	2.22610523866031	0.664129817396665	3.35191280431658	0.000802552915559352	0.0238151222635214
ENSG00000067113	638.267513065466	2.08344578535762	0.547987938462123	3.80199204968747	0.00014353733434636	0.00814177103830716
ENSG00000071539	104.595721315617	2.88252354328261	0.868970156152309	3.31717208338438	0.000909335898239322	0.0257414021035402
ENSG00000071859	1664.78300304001	2.95869444138038	0.843767432911639	3.5065283702295	0.000453993037245987	0.0171766519514953
ENSG00000072571	60.5801188394571	3.30404982823014	0.896950731755482	3.68364695100205	0.000229920634953247	0.0109526841938745
ENSG00000073111	145.898979217106	2.95497659769975	0.79358972612534	3.72355702250238	0.000196435468218765	0.00996049330344325
ENSG00000079931	993.377971640797	2.23755153375969	0.639142992781105	3.50086218425618	0.00046375559993039	0.0174097671069975
ENSG00000084636	2743.83988646942	2.11096319525008	0.565311645847527	3.73415833683257	0.0001883439810397	0.00972054321565635
ENSG00000087245	10393.9355193748	3.4087041501439	0.625138431250659	5.45271891751144	4.96054461205967e-08	2.21803987949232e-05
ENSG00000088882	267.751855860244	4.90096643931567	1.03593293809829	4.73096882922999	2.2345083387806e-06	0.000403318505111647
ENSG00000091986	7696.16812423563	3.38535679121083	0.714859703724273	4.73569397403969	2.18306791867761e-06	0.000397682205852439
ENSG00000092853	293.137878220392	2.40686971026593	0.676836702942042	3.55605672653959	0.000376462825381857	0.0152397728941618
ENSG00000099795	344.608189662631	2.01147486020819	0.518299734380291	3.88091045929866	0.000104066152493766	0.00671277863659788
ENSG00000100097	1352.41840635796	2.03128536838356	0.474411746140143	4.28169282255399	1.85476903582017e-05	0.0018907111922656
ENSG00000100979	1402.75450380588	2.68841553419955	0.626777074769836	4.28926909170504	1.79262076412475e-05	0.00184640593510245
ENSG00000101098	24843.2904324791	3.89456492461945	0.78635895275806	4.95265541386631	7.32075455287467e-07	0.000173528343461754
ENSG00000101825	2146.68738590532	3.51925698764799	0.700375066995445	5.02481763485003	5.03911141523366e-07	0.000125493010105452
ENSG00000102081	9349.35901975031	3.95142199357225	0.6696175424932	5.90101325431206	3.61275878454195e-09	2.70230544894759e-06
ENSG00000102241	1971.19331500292	3.41739839965067	0.589092136524213	5.80112717140335	6.58706179442185e-09	4.31979512478185e-06
ENSG00000102265	9651.89240054749	2.59606118351226	0.829500060300045	3.1296696742532	0.0017500297271357	0.0389480597869544
ENSG00000103005	2019.5839870293	2.5503259970709	0.730627212185674	3.49059815256756	0.000481940547348346	0.0176897356875585
ENSG00000103742	129.828039380842	3.44427308366019	1.10185010581162	3.12589985288711	0.00177261906413876	0.0391848398515347
ENSG00000105270	494.193972437026	2.56183462673118	0.558061811485801	4.59059296659356	4.4198853393718e-06	0.000670025003693863
ENSG00000105404	656.33482745896	2.1047388560724	0.549558681618891	3.82987099734693	0.000128210453648791	0.00766690718871222
ENSG00000105472	213.964411336361	3.30704472113699	0.83259061453662	3.97199375467082	7.12735889255385e-05	0.00498855826176163
ENSG00000105664	555.457203164384	2.97426381624636	0.573003624532805	5.19065445471032	2.09556206155509e-07	6.54414095222774e-05
ENSG00000106211	1986.82707720775	2.52720475836352	0.580431100586315	4.35401334596078	1.33667563688145e-05	0.00149419070909123
ENSG00000106333	1056.31365405458	2.93930102378679	0.767853722955517	3.82794396369303	0.000129218164874812	0.00768047787234761
ENSG00000106483	472.318519560542	2.65552698926276	0.822612370207415	3.22816320959675	0.00124587869058452	0.0311298587148509
ENSG00000106819	541.895734511751	3.12664460847706	0.877722873046085	3.56222300283257	0.000367727813880585	0.0150722437714305
ENSG00000107317	1125.33536498307	3.16348597826932	0.507539405718168	6.23298593691062	4.57627268124575e-10	5.31349918923147e-07
ENSG00000107562	1028.96072824087	2.63490673963495	0.716362163115021	3.67817687100803	0.00023490704670827	0.0111072615129453
ENSG00000108821	93874.3336540505	5.86487009074347	0.931040251927525	6.2992658787861	2.99058632400385e-10	4.52590733372706e-07
ENSG00000109610	1524.18333603426	2.16611294392779	0.630084253390007	3.43781475615931	0.00058642872739446	0.0199966331150554
ENSG00000109625	102.963558985833	3.49391480782888	1.11042440967065	3.14646794270774	0.00165255376191793	0.0378050496650853
ENSG00000109881	65.5958607664693	2.59238061996038	0.641964935267447	4.0381966016265	5.38637016052828e-05	0.0040602086796258
ENSG00000113140	27102.7750508402	3.44621612464769	0.45074347913977	7.64562613578944	2.07931005924384e-14	1.94514312699805e-10
ENSG00000113205	184.638719800572	3.98109767833022	1.19293617122896	3.33722605982256	0.000846190922118426	0.0246636447433451
ENSG00000113805	4758.35547493176	4.37047006425034	0.641169137837601	6.81640741316736	9.33453377009693e-12	2.04052908214319e-08
ENSG00000115414	71849.89469149	2.52713292787582	0.685962257714583	3.68406993162489	0.000229539221532244	0.0109526841938745
ENSG00000116690	2125.79504926532	3.50887872234026	0.738902853278434	4.74876867340779	2.04658870628291e-06	0.000387159482763557
ENSG00000116774	658.495938997352	2.59337868510552	0.629729285136148	4.11824373793388	3.81770791618945e-05	0.00315586493878618
ENSG00000117122	302.244783064206	3.11768694775769	0.598061755821713	5.21298497589787	1.85825951674901e-07	6.30334443664139e-05
ENSG00000117318	513.150137696528	2.71703076467924	0.438443554393028	6.19699100934588	5.75527871999794e-10	5.66146767686198e-07
ENSG00000118849	819.113063701424	2.03964008782973	0.616705134759537	3.30731815395865	0.000941938454743501	0.026286095260459
ENSG00000119681	4714.3529032951	2.13668037713482	0.462208429720615	4.62276375709192	3.78660881539648e-06	0.000600788240597664
ENSG00000119919	72.0543001151049	4.77649057795248	0.941346872770983	5.07410256103813	3.89329039217516e-07	0.000103508912399532
ENSG00000120694	3158.24196781791	3.37023371260149	0.902828316109548	3.732972983307	0.000189232898830761	0.00972054321565635
ENSG00000122592	63.9360075325911	3.16462159824417	0.881124003866213	3.59157347247195	0.000328687482261053	0.0138316049380078
ENSG00000123407	632.549120252455	4.24358452365299	0.700675395362121	6.05642006518558	1.3918425400666e-09	1.19057000579436e-06
ENSG00000123572	89.1203794753344	2.26509479079761	0.467839167671981	4.84160999616378	1.28791350482856e-06	0.000269557556319118
ENSG00000123989	1013.75401774822	2.037543358111	0.55004845249402	3.70429795570264	0.000211976984070351	0.0104522185077696
ENSG00000124140	184.425953862665	2.88824051713759	0.820115696047366	3.52174764006806	0.000428712043646177	0.0164890687371319
ENSG00000125652	162.901853852678	2.18807481649899	0.539207687121596	4.05794440390751	4.95065491365478e-05	0.00378985154751923
ENSG00000126787	49.0455590518498	2.72531769567842	0.721237059894685	3.7786711848617	0.000157667449709425	0.00861652612662007
ENSG00000127554	172.732538066422	2.34418992166486	0.49995812500811	4.68877252795289	2.74848700718249e-06	0.000466152873959555
ENSG00000127903	76.3338564857565	3.21132855287761	0.958002010642797	3.35211045196334	0.000801980160102364	0.0238151222635214
ENSG00000129009	576.799550743828	3.29311162266502	0.568795031581274	5.78962796758268	7.0542495532027e-09	4.33704080342844e-06
ENSG00000129244	97.8250485304957	2.2752631813157	0.640936207596029	3.54990583204773	0.000385368972994847	0.0154318735253849
ENSG00000130203	2347.00788848729	3.44081216713443	0.564866049213802	6.09137718919991	1.11943446074711e-09	1.00107970821539e-06
ENSG00000130255	1810.12685319286	2.08760063331914	0.404224458658223	5.16445897472086	2.41135354846362e-07	7.17749506984088e-05
ENSG00000130300	752.020853954708	2.86703031084279	0.847456134026358	3.38310172730853	0.000716720788849283	0.0224534471334726
ENSG00000130303	1196.26164295854	2.13676920709211	0.55403128684621	3.8567663195621	0.000114896905730711	0.00715342317514559
ENSG00000130513	293.089193317746	2.08654569447143	0.594471571024249	3.509916699425	0.000448247096801661	0.0170247362596059
ENSG00000130600	2703.55475090923	2.6157267903461	0.748250560460758	3.49578995134383	0.000472660613784282	0.0174411794912735
ENSG00000130635	16851.3120596264	3.39694729762954	0.79580000335517	4.2685942238096	1.96708733583371e-05	0.00197451409414247
ENSG00000130748	138.741261279495	2.16896725116125	0.532469843967968	4.07340861784416	4.63300347447848e-05	0.00361962581952021
ENSG00000130821	1870.20650548934	2.51854574086454	0.748256739419408	3.36588447277968	0.000762986561116134	0.0231895921718236
ENSG00000131097	58.7099270087054	2.8361282560786	0.843968943678926	3.3604651892944	0.000778113356199646	0.0234416202487851
ENSG00000131203	287.699984373794	2.65805643296135	0.810424688083021	3.27983151555849	0.00103869096821455	0.0280318327965061
ENSG00000131477	594.093360244105	3.19794975238604	0.797077865440506	4.0120920314588	6.01830274064923e-05	0.00432752614456574
ENSG00000131747	299.155161000603	2.31500986226987	0.761362186581638	3.04061575826848	0.00236094916350642	0.0461190633773611
ENSG00000132002	2484.36693050688	2.39392189053828	0.743618735445733	3.21928668069846	0.0012850993679425	0.0319633943930476
ENSG00000132386	1742.65712176071	2.11089004992773	0.531546405320613	3.97122439132009	7.15041897843235e-05	0.00498855826176163
ENSG00000133110	2128.97170212371	2.98198699443046	0.864675562314223	3.44867731250488	0.000563339472584625	0.0194302156941681
ENSG00000134057	77.1766609011748	2.48575970128956	0.731879432623546	3.39640600690052	0.000682770023045348	0.0217359505394728
ENSG00000134817	93.7873811258468	3.72310824712389	0.756628899065018	4.92065298024515	8.62559488654381e-07	0.000199647004468074
ENSG00000134901	135.366034679925	2.16313101725922	0.396497874914294	5.45559296560366	4.88096863200885e-08	2.21803987949232e-05
ENSG00000134986	832.22564689452	2.28530760604108	0.630393388653857	3.62520871438885	0.000288728171656065	0.0128808119028604
ENSG00000135045	69.6611661864412	3.31599760927196	0.614419245856192	5.39696246762441	6.77785594224078e-08	2.7989408669798e-05
ENSG00000135916	505.041561175908	2.32169821580154	0.557830805978471	4.16201147537761	3.15456494149324e-05	0.00275835158484169
ENSG00000136750	226.935190404492	2.12983829932287	0.687421217414218	3.09830166042067	0.00194633201890256	0.0414417057791007
ENSG00000136944	36050.9035938118	5.44983561352571	1.06251890371619	5.12916579127652	2.91028952150371e-07	7.95236611750888e-05
ENSG00000137077	703.741467520886	3.44709049124551	0.836202656365501	4.12231468652354	3.7508432417581e-05	0.00311367468094299
ENSG00000137133	134.288463366232	2.24958927642655	0.708064365002496	3.17709715050923	0.00148757195801435	0.0352955306891508
ENSG00000137273	3586.02488286971	4.65227072009751	0.897085151664031	5.18598564636575	2.14875359467493e-07	6.54967292623289e-05
ENSG00000137869	40.6926517103236	3.56406227188022	0.827218842823074	4.30848777539573	1.64374559921865e-05	0.00174805680643394
ENSG00000138061	3008.53671065805	2.13242781875971	0.669752109464365	3.18390608797801	0.00145302144692071	0.0347348043094994
ENSG00000138080	5203.0447564733	3.14492595258024	0.645504359168709	4.87204448414621	1.10449291456711e-06	0.000241442151124369
ENSG00000138615	379.045191941573	3.62951567338875	0.770135650095282	4.71282646497368	2.44304238613471e-06	0.000432146594678408
ENSG00000138755	866.9047417928	3.15646214657382	0.894546813418125	3.52856004764329	0.000417827140425284	0.0163426066813659
ENSG00000139329	5599.05789393215	3.35547401428683	0.665183126608448	5.04443645676236	4.54859958729646e-07	0.000116324516087189
ENSG00000139800	1074.28423471153	3.72492460621801	0.643215895119405	5.79109539189252	6.9928844141837e-09	4.33704080342844e-06
ENSG00000140323	1084.90280287816	3.31039954236407	0.636065672312029	5.20449331958307	1.94526621649775e-07	6.30915102452165e-05
ENSG00000141696	236.018376673898	3.19869926877544	0.846003886290429	3.78095103416267	0.00015623040296343	0.00856177422814075
ENSG00000141756	1082.76641640576	2.41506369030946	0.538048023119255	4.48856530743944	7.17044429701917e-06	0.000943322432886021
ENSG00000142156	15033.5555455658	2.81733173041603	0.651606504473457	4.32367036098363	1.53454536101814e-05	0.00166799146036855
ENSG00000142173	14132.6493021558	2.39778453836095	0.589011346456002	4.07086307044521	4.6839277058013e-05	0.00361962581952021
ENSG00000142552	730.787279137329	2.52530313750418	0.68238403426428	3.70070665593292	0.000214999904166042	0.0104754550799604
ENSG00000142694	174.194275558784	2.38423261517947	0.37099186849864	6.4266438637272	1.30451960649825e-10	2.56651187382465e-07
ENSG00000142748	4120.06763702227	2.68092781337568	0.837516246825905	3.20104573915563	0.00136929794161271	0.0332998364688361
ENSG00000143196	597.82647981006	2.58434505819415	0.677076900078443	3.81691512130268	0.000135130630739038	0.00788890216367906
ENSG00000143320	46.3591292596378	2.59191100433414	0.532879508074463	4.8639719956579	1.1505319907725e-06	0.000248742487763276
ENSG00000143369	311.491031400337	2.65064474503817	0.579269985116594	4.57583650653788	4.74320872194904e-06	0.00069640215220616
ENSG00000144043	1004.6246867475	2.95878587019215	0.613135359242293	4.82566504376552	1.39536855048401e-06	0.000288973482760235
ENSG00000144785	142.853222690034	3.08237744471369	0.705776135702585	4.36735855576251	1.25758185054068e-05	0.00143846891439171
ENSG00000145423	724.123971877715	4.43717963332694	0.805655896546557	5.50753696751542	3.63889012480782e-08	1.74613473940168e-05
ENSG00000145824	215.558096562787	2.70896995936076	0.750717027427551	3.60851007821612	0.000307960553157559	0.0133748695868031
ENSG00000145882	102.896155427158	2.06320915107304	0.61671188510193	3.34549925324049	0.000821345803659476	0.0242126929900513
ENSG00000146090	105.57013899319	2.98900045224337	0.871452122757795	3.42990782188284	0.000603786328115797	0.0204104677308422
ENSG00000146857	174.541346994527	3.66601188518064	0.964262097247153	3.80188321789961	0.000143600414267184	0.00814177103830716
ENSG00000146938	144.108259542459	3.54041737547829	0.808276747072217	4.38020441427096	1.18568028856235e-05	0.00138590526101544
ENSG00000147955	389.033869735519	2.26015296562347	0.653202837273567	3.46010892276162	0.000539956925396185	0.0190279398044182
ENSG00000149257	3965.35818300724	2.70236013320689	0.51212374904981	5.27677175335224	1.31479479740509e-07	4.7902357118792e-05
ENSG00000151176	7107.61866488142	3.53329438783247	0.768334838149733	4.59863878662743	4.25260373802495e-06	0.00065878524363703
ENSG00000153012	159.189923565869	2.49732759411211	0.772234551438643	3.23389777038555	0.00122113157326737	0.0309196172103761
ENSG00000153266	5237.40082377034	5.17297497793176	0.813477463943433	6.35908824425833	2.02954794288003e-10	3.32744385235181e-07
ENSG00000154016	155.575518188801	2.46710101107721	0.768311404816237	3.2110690998623	0.0013224213180801	0.0324405449026282
ENSG00000154096	550.281449151014	4.18505196707314	0.578390564432082	7.2356850620176	4.63185055768864e-13	1.82254055743933e-09
ENSG00000154118	2378.59678542591	4.58761491189755	0.733819302987532	6.25169560574437	4.06020157530016e-10	5.31349918923147e-07
ENSG00000155011	163.976238572197	2.24381333811293	0.738227077772199	3.03946225446545	0.00237000898936281	0.0461190633773611
ENSG00000155760	307.379008985718	2.27614549824053	0.512626914479149	4.44015995639478	8.98920382075119e-06	0.00113367689724012
ENSG00000156970	90.082023268734	2.27989419296087	0.740172904338056	3.08021839167404	0.00206848860406147	0.0427473159625056
ENSG00000157227	2815.47829513041	2.03250122501536	0.509183253198663	3.9916890672411	6.56043540612805e-05	0.00464280597770372
ENSG00000158406	323.65782438324	2.20160865155272	0.587628416368079	3.74660004558676	0.00017924753400991	0.00942548396418854
ENSG00000159228	415.860530148742	2.41971483680931	0.533312890120923	4.53713923220695	5.70224619079738e-06	0.000807093464444227
ENSG00000159640	1004.986080223	2.17235059263323	0.563563501980004	3.85466870193149	0.000115886450714666	0.00719227139230388
ENSG00000160161	142.890901977593	6.32845560907759	1.10560438556251	5.72397838839777	1.0405799284771e-08	5.8492484322453e-06
ENSG00000160539	51.6773735961183	2.46607784269306	0.740237395712601	3.33146887333225	0.000863889606081671	0.0250311695287935
ENSG00000160951	32.5566321949926	2.8509429926381	0.730213025871965	3.90426203262222	9.45133366348402e-05	0.00621891433094932
ENSG00000162076	130.431148128613	2.00245271794439	0.506537009612541	3.95322094919797	7.71061756548228e-05	0.00528566864053304
ENSG00000162576	1700.99258508193	2.55282685926368	0.587916734874354	4.3421571590563	1.41090547024142e-05	0.00155944686637807
ENSG00000162745	513.868684160764	2.42138522228858	0.564116576267653	4.29234900046568	1.76792776339269e-05	0.0018455754374413
ENSG00000163083	2493.03255542244	3.03863017539419	0.948925083903083	3.20218131751329	0.00136391119331641	0.0332098871501324
ENSG00000163132	87.090642350833	2.28254403372994	0.569049373591403	4.01115287997643	6.04229662102963e-05	0.00432752614456574
ENSG00000163359	28656.2994275226	2.47143177068064	0.650378557263258	3.79998962616516	0.00014470214518801	0.0081420044334538
ENSG00000163453	3211.28462561877	2.11865998486159	0.439527368295907	4.82031413214575	1.43332344327642e-06	0.000293741723156462
ENSG00000163520	1189.53450920387	3.17932919390363	0.617901397044772	5.1453665732257	2.66998918142476e-07	7.61295176164503e-05
ENSG00000163815	959.326721255747	3.624740756385	0.757784519567663	4.78333967346418	1.72406415080388e-06	0.000335112991988834
ENSG00000164294	387.343127080998	2.7467170339778	0.765457526433267	3.58833369472038	0.000332798170591157	0.0139604929812589
ENSG00000164588	387.409215489629	3.89177453402539	0.744389770419346	5.2281408056333	1.71223093500916e-07	5.90990024831057e-05
ENSG00000164651	631.416000995516	3.68567934473749	0.821244210767446	4.48792124975012	7.19215029647774e-06	0.000943322432886021
ENSG00000164692	59361.958760929	4.5025085602019	0.797742343084746	5.64406364941267	1.6608262771449e-08	8.59870952014443e-06
ENSG00000164694	67.6101313943674	2.42015212444257	0.788577382156607	3.06901032061549	0.00214769171686992	0.0436956430586338
ENSG00000164932	673.707510805676	4.43704356613585	1.00840013645234	4.40008227462745	1.08209842931457e-05	0.00130742696037555
ENSG00000165246	92.0155901295644	3.12924504254557	1.04033653413843	3.00791613084809	0.00263045720984927	0.0497133670956528
ENSG00000165480	92.8721034026054	2.80450496544052	0.651481803633549	4.30480935890885	1.67129595423334e-05	0.00176779981739714
ENSG00000165757	4201.91330367593	2.08375193089293	0.618928014589574	3.36671128430779	0.00076070284267701	0.0231895921718236
ENSG00000166033	823.670613496806	2.5165017376992	0.592463911502092	4.24751902832197	2.16150811801972e-05	0.00214252070762928
ENSG00000166233	3444.09824575557	2.32916013574503	0.538969213638314	4.3215086813995	1.54965953497244e-05	0.00167516492807955
ENSG00000166340	4077.86773869014	2.17817439231263	0.527092737645459	4.13243104437867	3.58946469837058e-05	0.00304392795154064
ENSG00000167123	638.825287564501	2.92999961898946	0.472756790025738	6.19768913066261	5.72981674964773e-10	5.66146767686198e-07
ENSG00000167244	2874.24668108493	3.7143047923558	0.966077485540392	3.84472762066092	0.000120686415880893	0.00741995170637718
ENSG00000167881	1753.10018973392	3.72325377267964	0.725738434176457	5.1302970841067	2.89285252102061e-07	7.95236611750888e-05
ENSG00000168275	82.2432547524602	2.75797166690249	0.872993112135406	3.15921354769488	0.00158195528551267	0.0369935600759473
ENSG00000168542	121386.434503797	5.96265324540613	0.957047854581585	6.23025611191926	4.65673254955551e-10	5.31349918923147e-07
ENSG00000168772	1758.47435925688	3.35852056975048	0.647778383213998	5.18467527904674	2.163915524068e-07	6.54967292623289e-05
ENSG00000168811	36.1089212522447	2.2626518761326	0.604013531208197	3.74602845669145	0.000179656220726375	0.00942548396418854
ENSG00000169181	11043.0352710917	4.69513378299682	0.820139314937759	5.72480028390438	1.035554897409e-08	5.8492484322453e-06
ENSG00000169248	122.419689228435	3.70210223555058	1.22325448151933	3.02643668302971	0.00247454641052002	0.0475896638128748
ENSG00000169891	8489.74160835659	2.29868924430168	0.637610442608022	3.60516247961582	0.000311957691998709	0.0134292747697425
ENSG00000170476	459.671615486316	3.39930970652325	0.862585769047733	3.94083675908076	8.11978709007453e-05	0.00550857555896987
ENSG00000170955	312.540452869389	3.36652546724743	0.606408630696105	5.55157907858757	2.83100598065539e-08	1.39243029158535e-05
ENSG00000170962	118.358434962834	2.07197427937891	0.674656292938223	3.07115534393842	0.0021323218073834	0.0434728489517732
ENSG00000171159	213.999831845262	2.06303493132309	0.522943910473654	3.94504054833435	7.97864762270363e-05	0.00545041365725942
ENSG00000171475	3761.74587094133	3.9149599555394	0.660649368163059	5.92592704118522	3.10540448756037e-09	2.44382911553051e-06
ENSG00000172061	126.540617303929	3.9458707465634	1.24946743156891	3.15804209607025	0.00158832620155933	0.0369935600759473
ENSG00000172922	308.464592142805	2.03651898088558	0.652120984304965	3.12291588508859	0.00179068916709165	0.0393631493557107
ENSG00000174059	1575.50815920836	2.39427870160496	0.775323222438274	3.08810394466881	0.00201437999665456	0.0422054441471585
ENSG00000174807	1481.71387227854	3.75321541540708	0.802689694259112	4.67579868316526	2.92811753017119e-06	0.000488201561767694
ENSG00000175130	527.445538596943	2.24372286612206	0.497431567333258	4.51061616002923	6.46395929209698e-06	0.000871590512283761
ENSG00000175416	873.199251676629	2.21846056152042	0.60382273323862	3.67402623220501	0.000238758204587558	0.0111575508718661
ENSG00000175602	754.379434532174	2.30045659787543	0.594236000629303	3.87128446516068	0.000108263360163892	0.00685936492353358
ENSG00000175701	105.369459914574	2.39644098046738	0.601059987707615	3.9870246389336	6.69070796470632e-05	0.00470117816062972
ENSG00000176396	140.01709718047	2.0029128719836	0.579378166546975	3.45700440166865	0.00054621592710901	0.0190874816162392
ENSG00000177700	389.989900983729	2.34111984265347	0.583690392396886	4.01089322892538	6.04894627302825e-05	0.00432752614456574
ENSG00000178397	93.5556509634579	2.44896643029787	0.68794669824044	3.5598200217569	0.000371109044435141	0.0151002585596076
ENSG00000178919	103.871896949269	3.31987072495319	0.808421452209502	4.10660889302187	4.01510221151828e-05	0.00325074571643665
ENSG00000179388	10774.9131684229	3.32514445306185	0.730003015673103	4.55497358458976	5.23921616836199e-06	0.000757914256590837
ENSG00000179954	1651.59582926839	4.13528447071092	0.529632636664202	7.80783543996888	5.81784770259755e-15	1.14460335700904e-10
ENSG00000180596	411.883267687144	2.5777429322458	0.578378522985412	4.45684414237978	8.31750288897505e-06	0.00106953301854703
ENSG00000180828	76.4861733559414	2.41647190252142	0.741551937936379	3.25866844775037	0.00111936401804858	0.0294416680362136
ENSG00000181029	431.435123764195	2.11483957437034	0.485282433460308	4.35795616851505	1.31282666750331e-05	0.00148594891617458
ENSG00000182154	225.495882135959	2.06825063292338	0.574891783976023	3.59763470373346	0.000321124195460799	0.0136453508023667
ENSG00000182492	8401.30745098619	3.50449556488514	0.499584974212123	7.01481378700781	2.30255412124465e-12	6.47149282590961e-09
ENSG00000182601	422.866195439886	3.9515684453575	0.960166040893597	4.11550531580964	3.86332092916284e-05	0.00316695733168124
ENSG00000183098	654.471178456562	2.14412496919786	0.647996668171324	3.30885184216869	0.000936793960041239	0.0262169052202722
ENSG00000183160	1111.82635142775	2.70763416225915	0.868870033147665	3.11627062617198	0.00183154103751781	0.0400496587487443
ENSG00000183615	107.633630229341	3.32019234825132	0.886278454431251	3.74621805556808	0.000179520560301744	0.00942548396418854
ENSG00000183807	69.8144726488916	2.21534610979083	0.652374921837719	3.39581739829955	0.000684239906183014	0.0217388408237196
ENSG00000184486	154.96470401144	3.01484151227067	0.923701136339199	3.26387117398064	0.00109901124505321	0.0291008711106015
ENSG00000184661	104.670848809896	4.69927574243683	1.11004093390417	4.23342563225017	2.30158314395143e-05	0.0021981236298107
ENSG00000185633	181.315368356035	2.67741063819126	0.720350486519036	3.71681658900428	0.000201748791739406	0.0101328684419744
ENSG00000186395	132.328466226754	2.19144692659949	0.532397162527427	4.11618821594789	3.85189791071878e-05	0.00316695733168124
ENSG00000187243	68.7663850576125	3.84707420191023	1.15574772390845	3.32864527641065	0.00087269477383041	0.0252491132063816
ENSG00000188483	357.468674232314	2.8108432796644	0.621771811495474	4.52069911774195	6.16357397711087e-06	0.000853958833983657
ENSG00000188486	257.533812185465	2.14566512841308	0.678436213192008	3.16266302813913	0.00156333174167403	0.0367028504602564
ENSG00000196132	60.7602615372361	2.46539276909841	0.698219139664748	3.53097276921137	0.000414034370328154	0.0162589065904912
ENSG00000196611	82.0713884722439	3.75808747505714	1.03777096871312	3.62130719431988	0.000293118213483833	0.0130176246773836
ENSG00000196715	16603.7712333694	3.68802458839867	0.679909060281675	5.42429098807829	5.81850289532456e-08	2.48854839049164e-05
ENSG00000196747	189.16851727969	3.28528107405202	1.01875924428929	3.22478651601723	0.00126066638500135	0.031435171683798
ENSG00000196787	258.881395697136	3.32713702744345	0.991060186559549	3.35714931602041	0.000787505716044741	0.0236174991171892
ENSG00000197093	90.7014690112635	2.25197023779115	0.599172525733258	3.758467121027	0.000170957497830925	0.00911495342093665
ENSG00000197121	8735.73669243542	3.99065471410893	0.761682053802155	5.23926577262576	1.61216721393204e-07	5.66388888694624e-05
ENSG00000197153	57.0159254051113	3.77353976816944	1.07996318972076	3.49413739661364	0.000475596185048943	0.017489494102155
ENSG00000197982	341.840591484836	2.05108519260045	0.584222982938991	3.51079168827331	0.000446774353479862	0.017001622109019
ENSG00000198759	374.250460454113	3.23042023070857	0.651593804065699	4.95772091531867	7.13249196289708e-07	0.000171127618143948
ENSG00000198797	426.45439644659	5.78009803459538	1.07125760864521	5.39561911901408	6.82876698256736e-08	2.7989408669798e-05
ENSG00000198899	56088.8260588481	2.75140656837421	0.901321189629021	3.05263717311103	0.00226840027647119	0.0451705536834962
ENSG00000198914	405.016964959465	3.54924101367535	0.832949592240129	4.26105138503045	2.03467440565843e-05	0.00203198904857482
ENSG00000201321	492.131402160216	3.46346570516529	1.07277832887138	3.22850081135498	0.00124440905880704	0.0311298587148509
ENSG00000201822	83.7954700869154	3.49007855655668	1.10543248332437	3.15720644110345	0.00159288531966223	0.0370365214532806
ENSG00000203685	2578.27107898743	4.02033478569469	0.796488898822296	5.04757165057697	4.47460981605377e-07	0.000116324516087189
ENSG00000203760	42.476797855957	2.92817469795322	0.525268347455049	5.57462621180274	2.48061908193198e-08	1.25137691840846e-05
ENSG00000203883	631.201183498031	3.42098534143717	0.888146375664969	3.85182604486319	0.000117240297661956	0.00725341388742553
ENSG00000203930	14564.0528952885	2.32469299409802	0.57710194879129	4.02821892902454	5.6200997523749e-05	0.0041724468878575
ENSG00000204262	11002.3269148411	3.68581011821916	0.751604881894079	4.90391987466972	9.39428221170716e-07	0.00021244035429095
ENSG00000204291	2583.12382612265	3.26927285879362	0.924777039129366	3.53520115710429	0.000407464845249094	0.0160650568445504
ENSG00000204388	7106.13215602846	3.42470093489151	0.798359404644041	4.28967319100908	1.7893622924784e-05	0.00184640593510245
ENSG00000204389	9492.49062958234	3.44018763218863	0.814284161345972	4.22479988619964	2.39153193782289e-05	0.00225124398778601
ENSG00000204612	125.692510461387	3.26580512588326	0.805673558254098	4.05350913211089	5.04550293781782e-05	0.00383263416210918
ENSG00000204822	191.990120986596	2.02089377520039	0.472293190194271	4.27889670475479	1.87821996405626e-05	0.001904747400662
ENSG00000205420	217.775479246463	4.88884900326116	1.16888420128148	4.18249215611038	2.88330968447947e-05	0.00257846521511132
ENSG00000211592	13473.1285125281	3.22389831018484	0.908448368344211	3.54879641212951	0.000386996163822997	0.0154437373773908
ENSG00000211637	59.6175119976348	2.87221625361256	0.887587783922367	3.23597992856533	0.00121225907954168	0.0307920998404754
ENSG00000211640	131.935840746396	3.6057599994834	1.15413983065788	3.12419682927679	0.00178291147366282	0.0392360182693986
ENSG00000211648	190.515410804304	4.04388654956902	0.98959149974493	4.0864200537407	4.38080342087655e-05	0.003503574248062
ENSG00000211650	33.6545068200163	6.62521264310202	1.73933026200587	3.80905960634614	0.000139496329443927	0.00806075598875708
ENSG00000211651	285.765213761701	3.06131320846977	0.886487392521989	3.45330710204526	0.00055375818991113	0.0192228939233227
ENSG00000211659	222.874195051373	3.76701315074962	1.03124534964054	3.6528777095215	0.000259317748680282	0.0118371633121482
ENSG00000211663	465.51921009686	4.6310252571544	1.13770788705144	4.07048708184353	4.69149427659679e-05	0.00361962581952021
ENSG00000211669	95.0200127988277	3.67415327068643	0.894262642388305	4.10858409658473	3.98092245092703e-05	0.00323639125204704
ENSG00000211673	339.51938706677	3.75026711753817	1.02012033357224	3.67629876017227	0.000236642369056335	0.0111072615129453
ENSG00000211679	1818.16834906136	3.8287928557299	0.888608363477877	4.30875176635137	1.64178511486296e-05	0.00174805680643394
ENSG00000211893	1422.55744290782	2.79732716999657	0.787989830771985	3.54995338868277	0.000385299364603489	0.0154318735253849
ENSG00000211897	2094.89093199513	4.24506170833755	1.11056568000496	3.82243192344879	0.000132141966268338	0.00778371570168649
ENSG00000211899	7599.66599061751	3.22335433912671	0.989118122736282	3.25881637898785	0.00111878053789936	0.0294416680362136
ENSG00000211934	354.644836576592	4.30987551844606	1.19074778293562	3.61946969812588	0.000295207375966475	0.0130808781864064
ENSG00000211937	120.941994765199	4.39992368994499	0.966818176530025	4.55093190917926	5.34088315016039e-06	0.000766982008001864
ENSG00000211938	613.298542281161	2.50255106609516	0.663895220571325	3.76949703590507	0.000163576851264001	0.00885545939269487
ENSG00000211941	137.747612689373	3.12590046045326	1.018173667711	3.0701053853423	0.00213983251456371	0.043580812517108
ENSG00000211946	118.752379208343	5.04647838930186	1.22951079326024	4.10446042195394	4.05259640977495e-05	0.00326765499040625
ENSG00000211950	313.684404961148	5.86698793883049	1.21098744218603	4.84479667950943	1.26741401306606e-06	0.000268119390247976
ENSG00000211951	39.0230911953831	3.93631538742111	1.25401623272578	3.13896685281736	0.0016954462515836	0.0383845909708352
ENSG00000211955	1069.58818430366	3.71995233481428	1.11891903422527	3.32459473923415	0.000885471432670748	0.0254317736735245
ENSG00000211956	576.195093722312	5.05194169531095	1.10260576249235	4.58182050843943	4.6094545868337e-06	0.000688476637748748
ENSG00000211962	191.153011235903	3.95108159770206	0.80378040960046	4.91562316089049	8.8500491074666e-07	0.000202460309465463
ENSG00000213145	787.586934516612	2.29446091746261	0.704018625898944	3.25909121300999	0.00111769726587304	0.0294416680362136
ENSG00000213279	3319.47983167174	2.55715434324252	0.836852539578721	3.0556809262117	0.00224550078469156	0.0448507435919002
ENSG00000213402	176.342488101112	2.18764423500752	0.714686576337723	3.06098408370519	0.00220610821326225	0.0443339867086021
ENSG00000214145	45.0607630540194	3.38632133376855	1.09005206505436	3.10656843129754	0.00189272495495077	0.0406777210962326
ENSG00000215474	256.848012384722	4.37224214443394	0.743090272626215	5.8838640546076	4.00797085873885e-09	2.81617209552958e-06
ENSG00000223953	537.610743134837	3.38286583082035	0.568681788511063	5.94860939661433	2.70430119646835e-09	2.21685090580493e-06
ENSG00000224373	287.561338663398	2.03936807796524	0.662085149693393	3.08022023890682	0.00206847577417752	0.0427473159625056
ENSG00000224687	16676.3043085187	4.73969013728207	1.03255783274207	4.59024181211749	4.42732796991981e-06	0.000670025003693863
ENSG00000225706	73.5001821373603	2.02845958691565	0.616886342206524	3.28822255921586	0.00100822102446894	0.0275496394936137
ENSG00000225840	1221567.87593678	2.91676271274657	0.788191507372151	3.70057617402036	0.000215110493661888	0.0104754550799604
ENSG00000225968	56.1831575673289	3.1181376072992	0.623664263271965	4.99970543596699	5.74179657253063e-07	0.00014120513220996
ENSG00000227097	84.4281014206682	2.05586522969854	0.61477758976404	3.34407965405443	0.000825560304271188	0.0242648663431484
ENSG00000228300	186.324237858193	2.06870567774083	0.593419245864	3.48607783141387	0.000490158371767818	0.0177922062844281
ENSG00000229413	148.257409627373	3.55886390482685	1.0557670243762	3.37087995993208	0.000749284993626959	0.022926023273121
ENSG00000231290	520.676953115547	2.78025661694789	0.817514744978714	3.40086418504938	0.000671731926608737	0.0215238663258962
ENSG00000233822	166.974292796673	2.62889414125943	0.653187340424812	4.0247169204928	5.70438919163339e-05	0.00417526138841125
ENSG00000234745	9418.16001516626	2.04234906402391	0.46174984571315	4.42306387968491	9.73109538416314e-06	0.00121170614296219
ENSG00000236154	96.0148473380454	3.10356861340025	0.933819100016753	3.32352231106064	0.000888883120956044	0.0254662282000537
ENSG00000240065	658.611722094372	2.11892533515442	0.633958984366446	3.34236975483832	0.000830663280198804	0.0243553940009408
ENSG00000240972	746.565898779847	2.32851758448057	0.59425481447543	3.91838236352538	8.91452168871722e-05	0.00599381227355358
ENSG00000241351	297.679700710828	2.60062740788924	0.574755359748203	4.5247553829312	6.04653999963564e-06	0.000843685304630011
ENSG00000243156	3561.62520177746	3.56949178247986	0.831716484982744	4.29171700564997	1.77296816954562e-05	0.0018455754374413
ENSG00000243279	445.447598980236	2.36933549378995	0.733673150433415	3.22941556794095	0.00124043502566274	0.0311298587148509
ENSG00000243466	494.644189016098	2.38087465382566	0.605353868284122	3.9330295527379	8.38819202629354e-05	0.00567110961942609
ENSG00000244437	351.330572210939	3.11094703958459	0.756240651307911	4.1136998311374	3.89367674665864e-05	0.00317859735741752
ENSG00000244509	460.646288783706	2.29338881434271	0.611262514466526	3.75188852590486	0.000175507503702861	0.0093322557509462
ENSG00000252481	5463.00673601866	2.31656493069002	0.550440130320058	4.20856838570805	2.56993753412544e-05	0.00237375357025277
ENSG00000253659	229.672792574541	6.49297277583462	1.28719923072754	5.04426402753887	4.55270292706797e-07	0.000116324516087189
ENSG00000253755	101.616315611968	3.19130687281492	1.04676086884182	3.04874491185929	0.00229799516136858	0.0456071590147244
ENSG00000255439	91.2714427784955	10.4316262365075	3.36212145930333	3.10269166738225	0.00191769323515956	0.0410094529440534
ENSG00000256969	126.422648854202	2.62485293287751	0.641723749938825	4.09031601702093	4.30785822518138e-05	0.00345929807029463
ENSG00000258947	399.075499883027	2.23571823188152	0.603657514729822	3.70362031007294	0.000212544308894561	0.010453991832979
ENSG00000259001	92967.8065781014	3.19771047659261	0.466765021105132	6.85079286580126	7.34417918657717e-12	1.80611726645899e-08
ENSG00000259768	330997.851315515	4.71683481871824	0.654140618731473	7.21073525118384	5.56505616631094e-13	1.82478191693336e-09
ENSG00000260244	37.6974450987667	6.21532578834754	1.69072317745743	3.67613449156968	0.000236794719361576	0.0111072615129453
ENSG00000260580	291.831753022001	2.14318941938418	0.7031158902589	3.04813111049875	0.00230269436466201	0.0456225668986509
ENSG00000263164	160.942700747973	2.71361559850874	0.726832967132377	3.73347897139965	0.000188852968041713	0.00972054321565635
ENSG00000263244	147.376384416296	24.3824442478409	3.3616755387154	7.25306293455023	4.07450639584336e-13	1.82254055743933e-09
ENSG00000263426	376.270321408197	4.35555098316049	1.05055800932191	4.14594048544908	3.38421728009697e-05	0.0028948300334186
ENSG00000263740	6925.88042324612	2.39780236982558	0.647080560265643	3.70557008982193	0.000210915792258807	0.0104260233590447
ENSG00000264781	153.216332661479	3.63342545609923	1.08830073252077	3.33862263207647	0.000841948577360933	0.0245764040222537
ENSG00000265107	786.193685429305	3.28935375351964	0.528536344671366	6.22351478130591	4.86138992610382e-10	5.31349918923147e-07
ENSG00000270276	406.456840922288	2.36065996085598	0.709427314151542	3.32755719122441	0.000876110038368795	0.0252868827463367
ENSG00000270550	1756.02315704145	3.78761224991154	1.16658039746181	3.24676486777289	0.00116724779933174	0.0301766533561797
ENSG00000270882	357.784701988717	2.47537758352436	0.704363414980919	3.51434718339455	0.000440836235730964	0.0168408001976136
ENSG00000272841	572.24833107689	4.60108727005561	0.780282493883878	5.89669421795377	3.70856191529861e-09	2.70230544894759e-06
ENSG00000273175	133.784289114468	4.52538369551028	1.22417054613619	3.69669382243642	0.000218425509870035	0.010558485211752
ENSG00000273238	130.827207352141	4.96264296903184	1.05463701289432	4.70554599199252	2.53187415440544e-06	0.000433148627076283
ENSG00000273542	852.191747493337	2.76372845467509	0.593646015442245	4.65551588452288	3.23170488501164e-06	0.000527117153696264
ENSG00000273703	86.762099892147	3.26781612555521	1.00991026924872	3.23574898192308	0.00121324024514783	0.0307920998404754
ENSG00000273802	168.280409899259	2.15916072004599	0.661464980510478	3.26421017538931	0.00109769703969412	0.0291008711106015
ENSG00000273983	133.761007587843	3.31156116253449	0.980950670884221	3.37586920609318	0.000735828907797223	0.0226837002809307
ENSG00000274012	1799544.58924267	2.67548231327536	0.568414582900856	4.70692060647224	2.51486794986545e-06	0.000433148627076283
ENSG00000274216	45.1342465337655	2.28313979053491	0.65607297525686	3.480008896329	0.000501397132944857	0.0180668263618262
ENSG00000274290	114.034354878056	3.29659280712819	0.779186882975551	4.23081147688113	2.32849767284322e-05	0.0022130851794936
ENSG00000274576	84.3890703214894	4.74531183978033	1.26113361741492	3.7627351886054	0.00016806513271789	0.00900957335447349
ENSG00000274997	130.123286032029	3.34355556122944	1.09088220705445	3.06500146359298	0.00217668931934563	0.0439673364156118
ENSG00000275126	84.5058944428024	3.6497889683873	1.02530601148375	3.55970698260666	0.000371268815198325	0.0151002585596076
ENSG00000275379	173.292932935919	3.05040235571621	0.780416911564573	3.90868305198666	9.28006179657045e-05	0.00618901477239753
ENSG00000275385	348.008776827472	3.42756744446918	0.647265573664402	5.29545766672633	1.1871869561451e-07	4.49167618753823e-05
ENSG00000276168	1238579.50586876	2.43101439987948	0.482944957275651	5.03372975171563	4.8102767974516e-07	0.000121329981683414
ENSG00000276368	188.390824091274	2.96761502977048	0.955302977361989	3.10646475526055	0.00189338877577262	0.0406777210962326
ENSG00000276903	139.442394207141	3.24501237697003	0.856913826202514	3.78685963249138	0.000152563225996643	0.00847889522106765
ENSG00000277027	120147.37816079	2.00614560707572	0.4574193797027	4.38579058101915	1.15565267002635e-05	0.0013696572668734
ENSG00000277209	116677.985119669	3.27322181071654	0.535777044847847	6.10929834003263	1.00070110735303e-09	9.37513980288741e-07
ENSG00000278196	245.160920650104	2.61529118980008	0.779462242103575	3.35525064401075	0.000792931058455657	0.0237083976353444
ENSG00000278463	98.8056272613997	3.63817705311949	0.846981279714394	4.29546335941014	1.74328830018202e-05	0.00183408845014871
ENSG00000278677	125.468218680772	2.32845594546848	0.749481106531715	3.10675736209496	0.00189151581142364	0.0406777210962326
ENSG00000278705	306.212211286386	2.33299046876694	0.608555830333323	3.83365067341331	0.000126255405483341	0.00761947499226763
ENSG00000278771	11628.3936911615	3.95732164004482	0.892426196482927	4.4343405153734	9.23545571239481e-06	0.00115731436742456
ENSG00000278828	129.813729204468	2.51825491605269	0.680404642865833	3.70111365708193	0.000214655294618708	0.0104754550799604
ENSG00000279812	35.8065202525537	3.03367701699569	1.00915433145478	3.00615765343087	0.00264571786348131	0.049858096979053
ENSG00000280025	904.605611987836	2.6380028683491	0.841750767767454	3.13394768304849	0.00172471603324393	0.0387352320068961
ENSG00000280225	78.9720749216765	2.11367409850049	0.551237191470666	3.83441852473948	0.000125861681647951	0.00761908530689781
ENSG00000280411	786.678095315857	3.60974531175233	1.0324962414433	3.49613409411191	0.00047205141456206	0.0174411794912735
ENSG00000280614	959636.716527681	2.61148022353716	0.78687036162296	3.31881889432315	0.000903990379031909	0.0256540674584891
ENSG00000280800	959636.716527681	2.61148022353716	0.78687036162296	3.31881889432315	0.000903990379031909	0.0256540674584891
ENSG00000280893	37.3003354943865	9.13799061243714	1.89764407503947	4.81543969843085	1.4687611404812e-06	0.000297901099771413
ENSG00000281181	959636.716527681	2.61148022353716	0.78687036162296	3.31881889432315	0.000903990379031909	0.0256540674584891
ENSG00000281383	71471.0634269407	2.79611870733391	0.883946853745562	3.16322038534994	0.00156034161727908	0.0366764169394845
ENSG00000282122	80.5893906826904	6.37107688255519	1.44801821721496	4.39985961972839	1.08320928403586e-05	0.00130742696037555
ENSG00000282885	40807.5528102431	2.20999078817076	0.594621687679782	3.71663333840741	0.00020189511178479	0.0101328684419744
ENSG00000283907	777583.242014453	3.6613932960137	0.771951711364119	4.7430341070734	2.10540805287827e-06	0.000394493314593592
ENSG00000285776	53752.3804759048	3.08385716326345	1.01110303529986	3.04999298350328	0.00228846712498396	0.0454780830474085
ENSG00000286070	44.542206871399	4.87821110686021	1.27940570559613	3.81287271545129	0.000137360862196754	0.00797179233881691
ENSG00000286393	37.2369991853635	3.03069908713522	0.94405225664841	3.21030860928701	0.00132592533895342	0.0324859964116683
ENSG00000286522	291.10246003833	3.24989812426559	1.07766295270092	3.01569068150709	0.00256394669605142	0.0487844171161659
ENSG00000286805	339.956580033088	2.09782163947205	0.672659589725971	3.11869728985304	0.00181652482736337	0.0398420395245785
ENSG00000287080	143.157995468037	3.75700829083118	0.920171215143647	4.0829448139656	4.44685858342199e-05	0.00354200387733782
ENSG00000288934	3141.01753685422	3.82818956558188	0.841584101448234	4.5487902623091	5.39551844607435e-06	0.000769213260203383
ENSG00000289692	421.730822344248	2.96200685221479	0.790471521868146	3.74713923306761	0.000178862815709761	0.00942548396418854
