GENE_ID	baseMean	log2FoldChange	lfcSE	stat	pvalue	padj
ENSG00000006015	364.999246058424	1.62140171706211	0.427464987797951	3.79306320598236	0.000148800261521032	0.00774320436036466
ENSG00000010932	52.3375053644822	4.24526790585426	1.00523050990951	4.22317852871023	2.40880861236756e-05	0.00209519802249652
ENSG00000019549	556.190865193875	2.8234230119539	0.516884935382772	5.46238208676569	4.69787570923866e-08	2.01393457487719e-05
ENSG00000026025	11459.626145734	1.64737583256908	0.431540704587662	3.81742861115073	0.000134849788297354	0.00734928934509094
ENSG00000029993	2722.76054760325	4.0285641818929	0.742322145686925	5.42697561335042	5.73169559450589e-08	2.27650574222058e-05
ENSG00000034510	5713.52448156697	1.82881241270801	0.453517392207367	4.03250778058761	5.51847873213474e-05	0.00383630152787977
ENSG00000067113	638.267280383931	2.08344600437854	0.54798942853097	3.80198211115818	0.000143543093727903	0.0076019379967494
ENSG00000073111	145.899014160817	2.95497787861892	0.793579900351033	3.72360474012991	0.000196398326623151	0.00930566281802587
ENSG00000075618	760.436554516997	1.89417683464443	0.485398292731647	3.90231457960983	9.52772191687279e-05	0.0057932773007352
ENSG00000083444	1085.57787886236	1.80559064236182	0.432702182107671	4.17282536817095	3.00845528861131e-05	0.00246214715779303
ENSG00000084636	2743.84095047815	2.11096500509169	0.565311386512749	3.73416325136074	0.000188340303730609	0.00908230441965762
ENSG00000087088	329.190872926912	1.64583080898561	0.409556882683489	4.01856464528646	5.85537452692878e-05	0.003948540013384
ENSG00000087245	10393.9404256493	3.40870595400904	0.625133621494151	5.45276375610992	4.95929352926361e-08	2.02936545441798e-05
ENSG00000088882	267.751881739684	4.90096628226226	1.03590047786644	4.7311169238539	2.23287858000041e-06	0.000372249804008402
ENSG00000088986	975.617837692151	1.90142519378822	0.421567837551336	4.51036588757006	6.4715905256223e-06	0.0008035930166471
ENSG00000091986	7696.16704417293	3.38535931633021	0.714848384786123	4.73577249159356	2.18222281712511e-06	0.000367204876844276
ENSG00000099795	344.6082465034	2.01147461942352	0.518305742593258	3.88086500712771	0.000104085605073857	0.00624687106451599
ENSG00000100097	1352.41864790723	2.03128658688428	0.474418238715739	4.28163679453603	1.85523618994482e-05	0.00174887579057363
ENSG00000100979	1402.75446104322	2.68841654418524	0.626772358412704	4.28930297914483	1.79234729432224e-05	0.00170747158911491
ENSG00000101098	24843.3521445725	3.89456985288662	0.786341885711641	4.9527691754103	7.31647446289104e-07	0.000158714605667895
ENSG00000101160	3933.5586122237	1.87936595934728	0.505486962109089	3.71793161886081	0.000200860619278559	0.00946573375408252
ENSG00000101439	2605.27147716194	1.79590255503137	0.370026073367719	4.8534486737281	1.21332755185915e-06	0.000237456114904609
ENSG00000101825	2146.68842637549	3.51925883286493	0.700365551427388	5.02488853955262	5.0372500475918e-07	0.000114804667223912
ENSG00000102081	9349.35753840639	3.95142249717318	0.669609241034165	5.90108716401596	3.61114050017069e-09	2.47151453390964e-06
ENSG00000102241	1971.19371063089	3.41739990528716	0.589089984763093	5.80115091697154	6.58612892681495e-09	3.95277504424344e-06
ENSG00000105270	494.194184898614	2.56183589323077	0.558063989378639	4.59057732086095	4.42021669142921e-06	0.00061752494520984
ENSG00000105404	656.334838119392	2.10473927941665	0.54956051054312	3.82985902196024	0.000128216693050914	0.00714718748724988
ENSG00000105472	213.964489133669	3.30704556016655	0.832576221135015	3.97206342940973	7.1252740129814e-05	0.0046147682950982
ENSG00000105664	555.457183371935	2.97426630892622	0.573003653263557	5.19065854464664	2.09551602773941e-07	5.98885175864254e-05
ENSG00000106211	1986.8277580153	2.52720590084692	0.580429810509973	4.35402499162902	1.33660459092527e-05	0.00137517518054912
ENSG00000106333	1056.31401598178	2.93930241962256	0.767840139252044	3.82801350094272	0.000129181672040641	0.00715666463105153
ENSG00000106624	3269.89460792684	1.39419895934089	0.342426100463091	4.07153239036217	4.67048662442241e-05	0.00334990202537381
ENSG00000107317	1125.33580893258	3.16348778872971	0.507543878099525	6.23293458011009	4.57777379130344e-10	4.86375528455412e-07
ENSG00000107789	136.92606916222	1.55677626014623	0.337220719914266	4.61649053042181	3.90283822738581e-06	0.000562164818272652
ENSG00000108821	93874.3244814139	5.8648712175529	0.931015961859772	6.29943143599535	2.98739407910573e-10	4.13754079956144e-07
ENSG00000109475	2337.36217900342	1.71712146024647	0.397103937794518	4.3241108858885	1.53148255683441e-05	0.00153464334223219
ENSG00000109881	65.595889416735	2.59238301170498	0.641972879820556	4.03815035368722	5.3874319686433e-05	0.00375971754245824
ENSG00000110811	310.756594196713	1.59223635638496	0.420891448101342	3.78300952316234	0.00015494348384782	0.00796043377755234
ENSG00000111639	355.044108179292	1.63049623155419	0.429026839733748	3.80045274688659	0.000144431959009685	0.0076058333879802
ENSG00000112335	1528.93196764964	1.45193255579945	0.346763036995447	4.1871030095359	2.8253761555891e-05	0.00236608826425031
ENSG00000112514	246.105453387564	1.5898057285682	0.422339786196365	3.7642812269385	0.000167028825163166	0.00837703063248692
ENSG00000113140	27102.7824400015	3.44621679477315	0.450751326525671	7.64549451542631	2.08143824552867e-14	1.77698599101951e-10
ENSG00000113732	775.312806462603	1.11952450544619	0.269714300880014	4.15077918298527	3.31345324816547e-05	0.00263976662536368
ENSG00000113758	502.722115236833	1.90823478324799	0.435748363255951	4.37921273872262	1.19108814048076e-05	0.00127652035531882
ENSG00000113805	4758.35611234387	4.3704714309335	0.641163269825213	6.81647192941188	9.33034475083061e-12	1.86658730265228e-08
ENSG00000116586	194.870007980772	1.96067002685199	0.409027719082086	4.79348937830424	1.63905141152395e-06	0.000301133884331517
ENSG00000116668	138.625895387199	1.68997275871672	0.362965957993662	4.65600897687005	3.22397882753559e-06	0.00048730022027336
ENSG00000116690	2125.79439231774	3.50887940326272	0.738890270084983	4.74885046579263	2.04576129061376e-06	0.000357610990655347
ENSG00000116774	658.496136621836	2.59338005379947	0.629725404866161	4.1182712873886	3.81725164178815e-05	0.00292466450257003
ENSG00000117122	302.187760412359	3.11740082458087	0.598041359535	5.21268433174048	1.86127467982796e-07	5.77726015737118e-05
ENSG00000117318	513.150220725438	2.71703246250329	0.438454231104976	6.19684397994273	5.76065525278198e-10	5.18602989131698e-07
ENSG00000117691	359.558358545414	1.25485908655923	0.336404600507843	3.73020786477019	0.000191321862314168	0.00912780162993827
ENSG00000119681	4714.35406512141	2.13668206168086	0.462215273208854	4.62269895766813	3.78779227029389e-06	0.000554465039240987
ENSG00000119919	72.0542998150911	4.77648915230157	0.941333352181474	5.07417392704974	3.89182966950478e-07	9.46924232424778e-05
ENSG00000120694	3158.24409260933	3.37023551246724	0.902806022057891	3.73306715963745	0.000189162130373319	0.00908230441965762
ENSG00000121481	298.336266958844	1.08744166717191	0.272214607462988	3.99479542007958	6.47501392279076e-05	0.00425484035327911
ENSG00000122705	863.994895298429	1.46781142380472	0.38553541739816	3.80720254888761	0.000140547629910918	0.00754117816328809
ENSG00000123144	1219.5237186778	1.61714332218018	0.432090568069724	3.74260268953435	0.000182124067876831	0.00886255092465499
ENSG00000123349	1194.39298191846	1.29617113324263	0.285829603910633	4.53476867164499	5.76666535134922e-06	0.000746969853604623
ENSG00000123407	632.54917121658	4.24358558342823	0.700666888677994	6.05649510773222	1.39119369725559e-09	1.08906271822117e-06
ENSG00000123572	89.1203751704462	2.26509892709946	0.467858849325826	4.84141516263594	1.28917713342945e-06	0.000246932279653162
ENSG00000123975	65.3080507737807	1.99087362844899	0.514439276531116	3.86998761423024	0.000108840882704975	0.00638332277883738
ENSG00000123989	1013.75433939315	2.03754463824522	0.55004992971026	3.70429033473107	0.000211983356432553	0.00976153537741207
ENSG00000124098	746.921629224733	1.57246177446276	0.338240204457498	4.6489499288969	3.33629184085588e-06	0.000496445740451323
ENSG00000124733	282.936963953319	1.45565387753779	0.352730672348449	4.12681400187337	3.67823653157547e-05	0.00285459692892311
ENSG00000125356	510.409166441648	1.52973436748017	0.364393264103247	4.19803140775604	2.69245296490175e-05	0.00227594439591812
ENSG00000125652	162.901887952922	2.18807712362366	0.539214798180036	4.05789516721144	4.95169849828068e-05	0.00351005241974581
ENSG00000126787	49.0455833252856	2.72531958978846	0.72124380574066	3.77863846884587	0.000157688161694362	0.00804298966375918
ENSG00000127554	172.732551901997	2.34419015676336	0.499968116261765	4.68867929877357	2.74973926646272e-06	0.000430513526023141
ENSG00000128524	258.556290551905	1.32041315084409	0.35265563020117	3.74419983055672	0.000180969583309327	0.00883023671404998
ENSG00000129009	576.799560307722	3.29311263485374	0.56879573477006	5.78962258953121	7.0544754142963e-09	3.96924468232515e-06
ENSG00000130203	2347.00724120521	3.44081053202378	0.564865675682824	6.09137832257986	1.11942653404339e-09	9.16148852065967e-07
ENSG00000130255	1810.12764561554	2.08760325309725	0.404236529155648	5.16431124484901	2.41325857831313e-07	6.57219100954399e-05
ENSG00000130303	1196.2619881452	2.13677066198462	0.55403215488683	3.85676290290603	0.000114898511029031	0.00665192183626273
ENSG00000130635	16851.3182153904	3.39694895680159	0.79578383706116	4.26868302496136	1.96630452123452e-05	0.00183436854429158
ENSG00000130748	138.741318685945	2.16897063832632	0.532478562132263	4.07334828587441	4.63420433088113e-05	0.00334990202537381
ENSG00000131143	967.79897089849	1.41435938271615	0.347447934235448	4.07070885549634	4.68702979888431e-05	0.00334990202537381
ENSG00000131477	594.093314742841	3.19794950659764	0.797062898212339	4.01216706206001	6.01638972067166e-05	0.00400407961703754
ENSG00000132386	1742.65774520373	2.11089109284924	0.531548967525938	3.97120721102	7.15093472733625e-05	0.00461478780522183
ENSG00000133112	15481.3253429905	1.49542297084453	0.339060958714178	4.41048411033707	1.03139774590669e-05	0.00116805488924481
ENSG00000134247	760.464860846079	1.79016010559128	0.451678625159409	3.96334917323015	7.39055628541875e-05	0.0047216694057116
ENSG00000134817	93.7873858780342	3.72310911364779	0.756625074609957	4.92067899754323	8.62444824902801e-07	0.000182686106733823
ENSG00000134901	135.366067078576	2.16313038159201	0.396519161469073	5.45529848690737	4.88906484841417e-08	2.02936545441798e-05
ENSG00000135045	69.6611773655252	3.31600003571987	0.614429700674	5.3968745848099	6.78117530759335e-08	2.55931278579147e-05
ENSG00000135916	505.041474549034	2.32169869082192	0.55783226440836	4.16200144551397	3.15470353596942e-05	0.0025585782506815
ENSG00000136521	435.848484299639	1.48147442424162	0.399002101854273	3.71294892271694	0.000204858242972731	0.00955562866508813
ENSG00000136859	675.778989699121	1.68001335194398	0.428798073122321	3.91795919163269	8.93018194853329e-05	0.00554441124080489
ENSG00000136944	36050.8940738271	5.44983650513112	1.06248638470741	5.12932361635103	2.90785083219562e-07	7.27164642134474e-05
ENSG00000137077	703.741764640887	3.44709273958892	0.836185314873233	4.12240286725378	3.74940726346124e-05	0.0028849605888299
ENSG00000137273	3586.0257693877	4.65227152345396	0.897063049697971	5.18611431495291	2.14727035028624e-07	5.99248155889621e-05
ENSG00000137509	1591.80127472136	1.32878564250877	0.342659417308921	3.87786115129828	0.000105378827357519	0.0062826019422918
ENSG00000137804	133.393628369389	1.80990428670119	0.463309141755458	3.90647220955653	9.36534087731636e-05	0.00575504991454202
ENSG00000138080	5203.04632846039	3.14492721652426	0.645498402086367	4.87209140465613	1.10423057202259e-06	0.000220907460547409
ENSG00000138326	4370.64922831368	1.59419390597789	0.379745817509688	4.19805520553817	2.69217010755395e-05	0.00227594439591812
ENSG00000138615	379.045260365314	3.62951697833038	0.770123192471353	4.71290439479316	2.44210791793039e-06	0.000399379837664171
ENSG00000139329	5599.06148289654	3.35547598699888	0.665175780443868	5.04449513294033	4.54720406986806e-07	0.000106371427592205
ENSG00000139800	1074.28442166853	3.72492594112375	0.643210524267023	5.79114582331894	6.99078471354086e-09	3.96924468232515e-06
ENSG00000140323	1084.90246850311	3.31040114289922	0.636060141517596	5.20454109103713	1.94476590400116e-07	5.77726015737118e-05
ENSG00000141696	236.018367796474	3.19869871913595	0.845986212119943	3.7810293753138	0.000156181242314369	0.00798875928372219
ENSG00000141756	1082.76652612337	2.41506455685694	0.538050131618928	4.48854932827597	7.17098206725507e-06	0.000868735801575834
ENSG00000142156	15033.5602369646	2.81733324808233	0.651599747674763	4.32371752465528	1.53421717079585e-05	0.00153464334223219
ENSG00000142173	14132.6508860344	2.3977856348683	0.589008729743813	4.07088301715191	4.68352661233033e-05	0.00334990202537381
ENSG00000142552	730.787480374077	2.52530459412306	0.68237647750923	3.70074977282449	0.000214963372329843	0.00977762892397344
ENSG00000142676	4966.88884326857	1.287830535701	0.311039998736058	4.14040168767433	3.46698175474659e-05	0.00273785116202686
ENSG00000142694	174.194334433256	2.38423633095377	0.371014230269701	6.42626653220444	1.30776022920054e-10	2.35462229267558e-07
ENSG00000143196	597.826477857603	2.58434636260291	0.67706982275953	3.81695694554795	0.000135107735252713	0.00734928934509094
ENSG00000143248	2049.39816779467	1.90732644204641	0.369705394765551	5.15904411742745	2.48213823187443e-07	6.57219100954399e-05
ENSG00000143320	46.3591402709825	2.59191112068495	0.532903040260344	4.8637574284033	1.15178055869407e-06	0.000227888010541612
ENSG00000143369	311.491063801721	2.65064580633635	0.579271381285939	4.57582730990803	4.74341711739887e-06	0.000642144550366666
ENSG00000143545	1024.64990225158	1.71351895765372	0.426642840384537	4.01628433775967	5.91229174706601e-05	0.00397204525768371
ENSG00000144043	1004.62470046518	2.95878686137585	0.613131833166526	4.82569441239931	1.39516292550608e-06	0.000264420089197232
ENSG00000144785	142.853174293679	3.08237730126155	0.705772004947152	4.36738391386374	1.25743590017314e-05	0.0013239844083402
ENSG00000145423	724.124778864393	4.43718140698247	0.805641085514009	5.50764042048761	3.63675295026665e-08	1.59706675291588e-05
ENSG00000145592	2946.49764675472	1.73127445031753	0.434192222708106	3.98734560356558	6.68166590277585e-05	0.00434953139018306
ENSG00000146857	174.541516452705	3.66601311549308	0.964241362432824	3.80196624862012	0.000143552286525676	0.0076019379967494
ENSG00000146938	144.108249860914	3.54041700694488	0.808265797901612	4.38026329474335	1.18535993691122e-05	0.00127652035531882
ENSG00000147100	365.25465178321	1.73741727621844	0.457255654189385	3.79966274949295	0.000144893132578573	0.0076058333879802
ENSG00000147123	247.754526308719	1.64490433065877	0.444680554759747	3.69906961987012	0.000216391243113019	0.00978925711620582
ENSG00000149257	3965.35943028353	2.70236130462014	0.512127189515323	5.27673859139885	1.31503264615366e-07	4.38465977666606e-05
ENSG00000151176	7107.62194245706	3.53329610990991	0.76832060667735	4.59872620778697	4.25081991124843e-06	0.000607428670651016
ENSG00000153266	5237.39792794023	5.17297480771434	0.813460013650359	6.35922444976845	2.02774929634889e-10	3.04246884006348e-07
ENSG00000153936	646.239386216618	1.28051958349784	0.314130951657006	4.07638781451888	4.57407079073313e-05	0.00333425686587652
ENSG00000154096	550.281706688362	4.18505340621255	0.578391145948801	7.23568027540831	4.63201393875509e-13	1.66798821934571e-09
ENSG00000154118	2378.59711555788	4.58761610735076	0.733807416762361	6.25179849992772	4.05752688172407e-10	4.86375528455412e-07
ENSG00000154380	3079.68242962761	1.73481265591824	0.431034867451226	4.02476176968339	5.70330219231837e-05	0.00386218297240613
ENSG00000154721	686.100132366987	1.95094448375463	0.398416318357354	4.89674843590305	9.74354426006195e-07	0.000199355130002745
ENSG00000154723	336.442584850457	1.36736200428417	0.362285852082395	3.77426277185449	0.000160481537083795	0.00816234484518001
ENSG00000155760	307.379024834416	2.27614670068417	0.512633057297388	4.44010909613216	8.99132855884809e-06	0.00104444432711006
ENSG00000156374	103.310355268424	1.28938067063754	0.338697260022482	3.80688249604367	0.000140729567501516	0.00754117816328809
ENSG00000156467	1302.58096154808	1.42616732266683	0.384225097344987	3.7118015780898	0.000205789285689682	0.00957425345954191
ENSG00000157227	2815.47901031582	2.03250290697743	0.50918682118227	3.99166439983306	6.56111798316813e-05	0.00429574288316153
ENSG00000158406	323.657808771438	2.20160876635328	0.587628641300557	3.7465988068257	0.000179248418779544	0.00880527381416075
ENSG00000159228	415.860388112175	2.41971418883802	0.533316583017384	4.53710660026325	5.70312825840389e-06	0.000744092929656247
ENSG00000159640	1004.98596167311	2.17235049792385	0.563563553667854	3.85466818034185	0.000115886697769593	0.00668762818378692
ENSG00000159884	213.423911725534	1.39266874799332	0.371923937382176	3.7444988289696	0.00018075422002678	0.00883023671404998
ENSG00000160161	142.891003848444	6.32846215239466	1.10557697828323	5.72412620442014	1.03967444368462e-08	5.34838238815476e-06
ENSG00000162076	130.431189192141	2.00245540176574	0.506548514263773	3.95313646250872	7.71334173030953e-05	0.00489009569909236
ENSG00000162244	1331.73856853374	1.80007945844323	0.424694705284264	4.23852578345278	2.24992346546832e-05	0.00203917802805373
ENSG00000162576	1700.99279410288	2.55282837012898	0.58791461469117	4.34217538795149	1.41078838079732e-05	0.00143704627146112
ENSG00000162745	513.868887489455	2.42138659429306	0.564117982038732	4.29234073613844	1.76799358645108e-05	0.00170633574729419
ENSG00000163132	87.0906317921435	2.28254588879922	0.569059270716779	4.01108637756513	6.0439990851857e-05	0.00400407961703754
ENSG00000163359	28656.3045521747	2.47143280220529	0.650371805789057	3.80003065970372	0.000144678186880565	0.0076058333879802
ENSG00000163453	3211.28407078629	2.11866074688025	0.439535566168337	4.82022596112013	1.4339570927702e-06	0.000268941640159662
ENSG00000163520	1189.53454590876	3.179330160611	0.617897478953049	5.14540076453781	2.66950289911988e-07	6.96585502879036e-05
ENSG00000163815	959.326498092332	3.62474034912038	0.757771551402897	4.78342099595812	1.72336645851785e-06	0.000309778162825162
ENSG00000163956	1279.20917498083	1.72104576535371	0.440926029121012	3.9032528172234	9.49084734171963e-05	0.005792634114836
ENSG00000164588	387.409202443041	3.89177570658597	0.744379246270605	5.22821629711475	1.71153211120404e-07	5.40633958986469e-05
ENSG00000164651	631.416109576768	3.68567865288483	0.821228084468529	4.48800853574081	7.18920491168005e-06	0.000868735801575834
ENSG00000164692	59362.029620911	4.50251113649775	0.797725998559636	5.64418251959624	1.65967933036546e-08	7.86382272190267e-06
ENSG00000164932	673.70822859639	4.43704627069748	1.00836671174134	4.40023080793217	1.08135798195567e-05	0.00120308957281021
ENSG00000165480	92.8721068092764	2.80450615413331	0.651485256441266	4.30478836843202	1.6714544228125e-05	0.0016355726566706
ENSG00000166033	823.670692875473	2.51650249522129	0.592462245329342	4.24753225215625	2.16138057956704e-05	0.00199322664881351
ENSG00000166130	324.349307620563	1.89816731055421	0.43572833790626	4.35630907017706	1.32273968677128e-05	0.00136873149771936
ENSG00000166233	3444.09872481275	2.32916113500806	0.538970401044061	4.32150101470535	1.54971339117331e-05	0.00154157953635776
ENSG00000166311	360.762402641315	1.7990936309499	0.424781476717512	4.23533917922304	2.28206980871664e-05	0.00203917802805373
ENSG00000166340	4077.86929220474	2.17817607324759	0.527094981812952	4.13241663913345	3.58968973498049e-05	0.00282237395975213
ENSG00000167123	638.825486920243	2.93000074676147	0.472764866628258	6.19758563629766	5.73358445785011e-10	5.18602989131698e-07
ENSG00000167244	2874.24580909606	3.7143056564163	0.966051178927339	3.84483321115606	0.000120634461602584	0.00691727223297618
ENSG00000167397	367.640835716505	1.903633069277	0.404062128117271	4.71123853687299	2.46215839937367e-06	0.000399379837664171
ENSG00000167881	1753.10055593554	3.72325525761402	0.725727354302548	5.13037745585904	2.89161756970381e-07	7.27164642134474e-05
ENSG00000168542	121386.499110709	5.96265487829917	0.957021882386827	6.23042689831524	4.65165849436398e-10	4.86375528455412e-07
ENSG00000168772	1758.47457323083	3.35852157490158	0.647772498538258	5.18472393082495	2.16335074328383e-07	5.99248155889621e-05
ENSG00000168938	513.490225950995	1.88778203347237	0.451089192602286	4.1849418350769	2.85239129081212e-05	0.00237765301810519
ENSG00000169181	11042.8667826478	4.69511094383718	0.820118409626973	5.72491836388934	1.0348349022387e-08	5.34838238815476e-06
ENSG00000170315	1656.99087126938	1.58298850618376	0.361794778244699	4.37537687487881	1.21222852132173e-05	0.00128611728620966
ENSG00000170476	459.671677948216	3.39931107427717	0.86256735004057	3.940922496217	8.11688509406869e-05	0.00509214341877027
ENSG00000170855	101.05784447867	1.64365248423585	0.387045850427865	4.24666091218611	2.16979962881115e-05	0.00199322664881351
ENSG00000170955	312.540558296299	3.36652685483954	0.606408370978668	5.55158374447632	2.83093040459005e-08	1.2742725483661e-05
ENSG00000171159	213.999860883526	2.06303631304362	0.522950920510247	3.9449903081358	7.98032062692371e-05	0.00504160255746531
ENSG00000171475	3761.74742369157	3.91496213418135	0.66064212910893	5.9259952729049	3.10411515982237e-09	2.23558373810407e-06
ENSG00000173141	188.861907215218	1.48885189485844	0.399177236442534	3.72980159922716	0.000191630603505508	0.00912780162993827
ENSG00000174807	1481.71407455081	3.75321596216891	0.802673694532594	4.67589256722117	2.92677808114907e-06	0.000450398626932385
ENSG00000175130	527.445724918735	2.24372352740511	0.497438145748956	4.51055783835577	6.46573684949227e-06	0.0008035930166471
ENSG00000175602	754.379460761242	2.30045793984354	0.59423414564737	3.87129880821199	0.000108256989013463	0.00638332277883738
ENSG00000175701	105.369458034334	2.39644319003199	0.60106524129599	3.98699346657426	6.69158675412778e-05	0.00434953139018306
ENSG00000177700	389.989926943701	2.34112104025559	0.583690592547895	4.01089390534161	6.04892894103977e-05	0.00400407961703754
ENSG00000178401	58.0560871347818	1.86161715897812	0.388870960624653	4.78723624923742	1.69093741172364e-06	0.000307528566647315
ENSG00000178573	1921.15041203196	1.74257443075789	0.369003568222113	4.72237826629629	2.33102616134342e-06	0.000385047027843929
ENSG00000178919	103.87186723927	3.31987086291083	0.808412847323343	4.10665277512961	4.01433984123148e-05	0.00301159120172387
ENSG00000179388	10774.9134178192	3.32514398031804	0.729991144500682	4.55504701032018	5.23738641908433e-06	0.000698512166486025
ENSG00000179954	1651.59668782671	4.1352862049821	0.529635380968091	7.80779825815912	5.81956379088464e-15	1.04781246054878e-10
ENSG00000180596	411.883367192491	2.57774488864155	0.578379093164559	4.45684313127157	8.31754210316093e-06	0.00098524569452245
ENSG00000180964	344.040597056831	1.60624299261737	0.381964619365256	4.20521407267146	2.60835153597752e-05	0.00222575210451542
ENSG00000181029	431.435178336541	2.11483948371596	0.485290076925186	4.35788734258828	1.31323947179833e-05	0.00136740179687306
ENSG00000182117	307.64915729774	1.56220382903235	0.403156408383244	3.87493239980276	0.000106654303023121	0.00631681159845821
ENSG00000182492	8401.31113408847	3.50449695532415	0.499589289829641	7.01475597389042	2.30350638495666e-12	5.92494749444924e-09
ENSG00000182601	422.865964584009	3.95156826136167	0.960141881945276	4.11560867791297	3.8615899062159e-05	0.00293366777474335
ENSG00000183011	297.765235696874	1.981551010379	0.52703637511567	3.75979933063274	0.000170049703547355	0.00848128784590061
ENSG00000183520	245.704109996685	1.3090834116599	0.342410390915148	3.8231416054903	0.000131762057200245	0.00725019872066906
ENSG00000183615	107.633632727388	3.32019150310725	0.886264776759697	3.74627491712614	0.000179479893907081	0.00880527381416075
ENSG00000184661	104.670805424504	4.69927298623442	1.11000884188119	4.23354554389882	2.30035569997207e-05	0.00204029085605897
ENSG00000185010	1131.28502212498	1.88107268571152	0.327218849168176	5.74866848439018	8.99489849955364e-09	4.90767113589283e-06
ENSG00000185088	598.405214044213	1.5656538840342	0.375762202870061	4.16660822210373	3.09165154880862e-05	0.00251878670299996
ENSG00000185633	181.315440243752	2.6774117751194	0.720344130741601	3.71685096172434	0.000201721357262646	0.00946573375408252
ENSG00000186395	132.328446114384	2.1914477662793	0.532406039600109	4.11612116182097	3.85301811860714e-05	0.00293366777474335
ENSG00000188483	357.46871561224	2.81084420046934	0.621769657130668	4.52071626241906	6.16307477654592e-06	0.000786994052139782
ENSG00000196683	1038.88748647838	1.37320000658437	0.357328801332606	3.8429592058161	0.000121559680378065	0.00694819696891133
ENSG00000196715	16603.7745603192	3.68802608226319	0.67990016876305	5.42436412241646	5.81612130753384e-08	2.27650574222058e-05
ENSG00000197093	90.7014670903715	2.25197317806541	0.599181114625051	3.75841815287289	0.000170990952406668	0.00850467430409409
ENSG00000197121	8735.7407814001	3.99065800487994	0.761667810487951	5.23936806824407	1.61127388911316e-07	5.180533280979e-05
ENSG00000198715	183.218291667234	1.2999380262022	0.339580929016592	3.82806546282429	0.000129154409020955	0.00715666463105153
ENSG00000198759	374.250586668474	3.23042156842149	0.65158970597409	4.95775414928048	7.13127234135418e-07	0.000156583607934246
ENSG00000198797	426.454297143694	5.78009843871725	1.07122724988678	5.39577240900859	6.82293883465651e-08	2.55931278579147e-05
ENSG00000198914	405.016947395385	3.54924184815204	0.832933242521703	4.26113602742846	2.03390385174034e-05	0.00188765148714355
ENSG00000203685	2578.27199681867	4.02033629647381	0.796473060557537	5.04767392089765	4.47221592368615e-07	0.000106371427592205
ENSG00000203760	42.4768095832554	2.92817777284675	0.525294671316206	5.57435270666225	2.48451912757894e-08	1.14701966389894e-05
ENSG00000203883	631.201479726641	3.4209868513304	0.888126132294006	3.85191554097623	0.000117197447697182	0.00674166148813983
ENSG00000203930	14564.06313282	2.3246940943829	0.577100987305149	4.02822754686034	5.61989379342606e-05	0.00386206823475711
ENSG00000204262	11002.3327322561	3.68581199756758	0.751591592129912	4.90400908706611	9.39001425489205e-07	0.000194330122596933
ENSG00000204386	334.358229251903	1.27193198534611	0.285796304978064	4.45048435963418	8.56768335824808e-06	0.00100824273768142
ENSG00000204388	7106.1311429143	3.42470171632783	0.798342882623016	4.28976294631163	1.78863931312074e-05	0.00170747158911491
ENSG00000204389	9492.48912640641	3.44018855698545	0.814266659113107	4.22489183178945	2.39055573552327e-05	0.00208941534068429
ENSG00000204612	125.692505593638	3.26580614882555	0.805663904288281	4.05355897346617	5.04442757862019e-05	0.00354784838097877
ENSG00000204822	191.99009027279	2.02089376355728	0.472304556691874	4.27879370402875	1.87908919775329e-05	0.00176213546903896
ENSG00000205420	217.775476859041	4.88884825868853	1.16885132421805	4.18260916285407	2.88182567815766e-05	0.002391118494711
ENSG00000206503	7769.8582630413	1.85931276057927	0.416574954048402	4.46333305089493	8.06944762938754e-06	0.000962188109716044
ENSG00000211648	190.515370305324	4.04388500543121	0.989563161912778	4.08653551493831	4.37862486324013e-05	0.00324432677624027
ENSG00000211663	465.519001416262	4.63102516808109	1.13766713893813	4.0706327972201	4.68856045761844e-05	0.00334990202537381
ENSG00000211669	95.0200308052253	3.67415549765532	0.894245767082066	4.10866411998139	3.97954352917295e-05	0.00299797829467611
ENSG00000211679	1818.16952457955	3.82879428565882	0.888587119916964	4.30885638542298	1.64100879572015e-05	0.0016145553752427
ENSG00000211897	2094.89482117436	4.24506357895754	1.11053151659548	3.82255119780075	0.000132078043897776	0.00725019872066906
ENSG00000211937	120.942025123911	4.39992171925346	0.966795096118337	4.55103851573002	5.33817740947586e-06	0.00070671973718833
ENSG00000211938	613.299074974567	2.50255472356325	0.663889582653585	3.76953455657562	0.000163552263934393	0.00826648399002071
ENSG00000211946	118.752338536172	5.04647821524876	1.22947240170381	4.10458844643876	4.05035290345815e-05	0.00302600016708564
ENSG00000211950	313.684818268114	5.86698865559759	1.21093769608004	4.84499629881025	1.26614039079199e-06	0.000245127502539889
ENSG00000211956	576.195729392526	5.05194562854981	1.10256724032962	4.58198415820834	4.60584794160247e-06	0.000635034437878341
ENSG00000211962	191.153088876379	3.9510838365641	0.803768556583536	4.9156984360752	8.84664889129293e-07	0.00018521385266015
ENSG00000215474	256.848021270398	4.37224255265243	0.743081537267648	5.88393377223368	4.00628202335196e-09	2.57618242251615e-06
ENSG00000221983	1426.33674314403	1.62977688308221	0.377691916200941	4.31509601655105	1.59533547483115e-05	0.00157824259474368
ENSG00000223953	537.611020603656	3.3828732783185	0.569710253628928	5.93788378701339	2.88724577741417e-09	2.16603584259759e-06
ENSG00000224687	16676.2896441566	4.73968926228395	1.03252622682453	4.59038147327315	4.42436644998997e-06	0.00061752494520984
ENSG00000225840	1221568.00001503	2.91676303620541	0.78817591717025	3.70064978219244	0.000215048100743876	0.00977762892397344
ENSG00000225968	56.1831622180738	3.11814009970243	0.623676057112165	4.99961488683804	5.74449357437383e-07	0.000129287008508251
ENSG00000228474	627.463170842695	1.54939555782546	0.417243056396412	3.71341244407294	0.0002044832298173	0.00955562866508813
ENSG00000232112	716.901990038991	1.76299952603519	0.366943094837395	4.80455839294764	1.55093434117719e-06	0.000287882193947374
ENSG00000233276	1155.62136601811	1.45971094805087	0.350920852496002	4.15965861723051	3.18723616109057e-05	0.00257337161795676
ENSG00000233822	166.974360084698	2.62889569966846	0.653186064477335	4.02472716831772	5.70414080020911e-05	0.00386218297240613
ENSG00000234745	9418.15954278692	2.04235009075978	0.461756180591647	4.42300542278161	9.73372973279522e-06	0.00111627900534381
ENSG00000238795	420.952249914286	1.60736744616759	0.419490616460119	3.83171251774687	0.000127254384800516	0.0071282975846854
ENSG00000240972	746.566137601501	2.32851930391722	0.594253241418608	3.91839562937604	8.91403118097525e-05	0.00554441124080489
ENSG00000241351	297.679730694401	2.60062750434826	0.574756673998915	4.52474520435611	6.04683099915776e-06	0.000777665658141682
ENSG00000243156	3561.62586392296	3.56949335488097	0.831698230860997	4.29181309089203	1.77220097053049e-05	0.00170633574729419
ENSG00000243466	494.644336871179	2.380875993594	0.605352233750423	3.93304238565939	8.38774404028301e-05	0.00524379623073943
ENSG00000244398	1036.22348788479	1.47002143931243	0.376435425860709	3.90510918559607	9.41828517961518e-05	0.0057678987979242
ENSG00000244437	351.330676489175	3.11094886687409	0.756229736631146	4.11376162055297	3.89263414344666e-05	0.00294482679633433
ENSG00000244509	460.646484096363	2.2933900769775	0.611260811770823	3.75190104259023	0.000175498739555164	0.00870483417545653
ENSG00000247092	345.296696364348	1.83481539613139	0.474430143248134	3.86740897947489	0.000109997864408289	0.00640942248760918
ENSG00000252481	5463.00758226583	2.31656973875094	0.550439611198744	4.20858108976918	2.56979307376217e-05	0.00220329163300418
ENSG00000253659	229.672656793546	6.49297119222186	1.28715995994923	5.04441669586893	4.54906966098294e-07	0.000106371427592205
ENSG00000255302	1234.48010498902	1.94705655227231	0.499041688550794	3.9015909831632	9.55625303148211e-05	0.0057932773007352
ENSG00000256969	126.422684992191	2.62485450586753	0.641723624482684	4.09031926786787	4.30779784261271e-05	0.00320503719653892
ENSG00000258947	399.07569095682	2.2357195776707	0.603656714288472	3.7036274504226	0.0002125383235689	0.00976212376494397
ENSG00000259001	92967.8477490718	3.19771343799188	0.466771102181143	6.8507099583704	7.34843719581906e-12	1.65385764638403e-08
ENSG00000259768	330997.914730981	4.71683613786019	0.654133614374309	7.21081447919769	5.56181882484142e-13	1.6690091323545e-09
ENSG00000263164	160.942832745854	2.713617559521	0.72682759061837	3.7335092868617	0.000188830227879951	0.00908230441965762
ENSG00000263244	147.376495843322	24.3824349939334	3.36167553844813	7.25306018236048	4.07458922339363e-13	1.66798821934571e-09
ENSG00000263426	376.270260981668	4.35555484924551	1.05052707981214	4.14606622993898	3.38236028635365e-05	0.00268279281743601
ENSG00000263740	6925.8806704911	2.39780474281266	0.647073999636581	3.70561132754423	0.000210881476108273	0.00973569481366529
ENSG00000265107	786.193607269822	3.28935442885946	0.528539232689728	6.22348205282697	4.86240461660506e-10	4.86375528455412e-07
ENSG00000265735	4117.29139888534	1.96309718449123	0.525229776322943	3.73759690136874	0.000185787495151885	0.00899221465110129
ENSG00000272841	572.248150642523	4.60108685161098	0.780268755924367	5.8967975030093	3.70624228911748e-09	2.47151453390964e-06
ENSG00000273175	133.78416055706	4.5253824889107	1.22413052464901	3.69681369575213	0.000218322440192653	0.00985186851044791
ENSG00000273238	130.827141832836	4.96264239324341	1.05461297856086	4.70565268409222	2.53055025896129e-06	0.000399671556250861
ENSG00000273542	852.19176549247	2.76372819161772	0.593644358110046	4.655528438637	3.23150795973775e-06	0.00048730022027336
ENSG00000274012	1799546.67103825	2.67548591738261	0.568413557072091	4.70693544180067	2.51468501230671e-06	0.000399671556250861
ENSG00000274290	114.034367609835	3.29659365057697	0.779179270247089	4.23085389519099	2.32805856650571e-05	0.00205473992597722
ENSG00000274576	84.389200226474	4.74531448457478	1.26109500490414	3.76285249415882	0.000167986291393089	0.00840164771259047
ENSG00000275379	173.292887015924	3.05040152418361	0.780406802217879	3.9087326193397	9.27815826139745e-05	0.00572100135261853
ENSG00000275385	348.008974598641	3.42757007548628	0.647262135037033	5.29548986407212	1.18697778200328e-07	4.10991057018636e-05
ENSG00000276168	1238581.71892473	2.43102074530951	0.48295080522891	5.03368193817847	4.81147732436942e-07	0.000111064934904194
ENSG00000276903	139.442430665631	3.24501428815711	0.856900095814707	3.78692254091987	0.000152524621373875	0.00791413777474528
ENSG00000277027	120147.428055371	2.00614734502469	0.457426682741558	4.3857243591497	1.15600434612759e-05	0.00126144595466832
ENSG00000277157	146.43701040169	1.83720262231154	0.438303992150445	4.19161735967244	2.76972849548562e-05	0.002330325306599
ENSG00000277209	116678.035059423	3.2732211517399	0.535779108176074	6.10927358269485	1.00085633751437e-09	8.58115159854584e-07
ENSG00000278463	98.805619994602	3.63817719836995	0.84697104112951	4.29551545648848	1.74287892651239e-05	0.00169624513901922
ENSG00000278705	306.212313824796	2.33299108332741	0.608555711680066	3.83365243074725	0.000126254503067941	0.00710378852418214
ENSG00000278771	11628.4085667905	3.95732730916869	0.892404239220807	4.43445597325264	9.23050799754395e-06	0.00106535446471653
ENSG00000278828	129.81368006949	2.51825406832262	0.680402615235712	3.70112344064142	0.000214647017225878	0.00977762892397344
ENSG00000280225	78.9720695723377	2.11367472131683	0.551249239880246	3.83433584738548	0.000125904019666207	0.00710378852418214
ENSG00000282122	80.5894899324846	6.37107534454601	1.44796976567441	4.40000578436013	1.08247992666067e-05	0.00120308957281021
ENSG00000282885	40807.5421485311	2.20999038617417	0.594618467530047	3.71665278973612	0.000201879575760494	0.00946573375408252
ENSG00000283907	777583.207495534	3.66139514110141	0.771936680349301	4.74312885280259	2.10442318744184e-06	0.000364328264325869
ENSG00000286070	44.5422287862638	4.87820910765158	1.27937230998982	3.81297068066949	0.000137306406335227	0.00742402956776507
ENSG00000286075	54.8777996383475	1.47276879048982	0.380802051743158	3.86754426282127	0.000109936878204549	0.00640942248760918
ENSG00000287080	143.157945550915	3.75700544472171	0.920153360494414	4.08302094631596	4.44540144064655e-05	0.00328030544831316
ENSG00000288934	3141.01846578086	3.82819198722666	0.841565253080789	4.54889501819671	5.39283363055969e-06	0.000708744303052753
ENSG00000289692	421.731027362565	2.9620073344422	0.790457912190256	3.74720435935022	0.000178816399725513	0.00880527381416075
